date,happenedCrimes
2020-01-01T00:00:00,1107
2020-01-02T00:00:00,527
2020-01-03T00:00:00,595
2020-01-04T00:00:00,540
2020-01-05T00:00:00,505
2020-01-06T00:00:00,593
2020-01-07T00:00:00,538
2020-01-08T00:00:00,537
2020-01-09T00:00:00,575
2020-01-10T00:00:00,625
2020-01-11T00:00:00,547
2020-01-12T00:00:00,518
2020-01-13T00:00:00,559
2020-01-14T00:00:00,553
2020-01-15T00:00:00,619
2020-01-16T00:00:00,591
2020-01-17T00:00:00,639
2020-01-18T00:00:00,565
2020-01-19T00:00:00,575
2020-01-20T00:00:00,589
2020-01-21T00:00:00,593
2020-01-22T00:00:00,567
2020-01-23T00:00:00,588
2020-01-24T00:00:00,619
2020-01-25T00:00:00,595
2020-01-26T00:00:00,598
2020-01-27T00:00:00,590
2020-01-28T00:00:00,605
2020-01-29T00:00:00,589
2020-01-30T00:00:00,588
2020-01-31T00:00:00,658
2020-02-01T00:00:00,746
2020-02-02T00:00:00,668
2020-02-03T00:00:00,560
2020-02-04T23:25:00,551
2020-02-05T00:00:00,623
2020-02-06T00:00:00,533
2020-02-07T00:00:00,638
2020-02-08T00:00:00,607
2020-02-09T00:00:00,520
2020-02-10T00:00:00,619
2020-02-11T00:00:00,551
2020-02-12T00:00:00,564
2020-02-13T00:00:00,632
2020-02-14T00:00:00,646
2020-02-15T00:00:00,592
2020-02-16T00:00:00,551
2020-02-17T00:00:00,588
2020-02-18T00:00:00,565
2020-02-19T00:00:00,567
2020-02-20T00:00:00,580
2020-02-21T00:00:00,640
2020-02-22T00:00:00,603
2020-02-23T00:00:00,535
2020-02-24T00:00:00,572
2020-02-25T00:00:00,599
2020-02-26T00:00:00,603
2020-02-27T00:00:00,564
2020-02-28T00:00:00,649
2020-02-29T00:00:00,586
2020-03-01T00:00:00,783
2020-03-02T00:00:00,624
2020-03-03T00:00:00,575
2020-03-04T00:00:00,528
2020-03-05T00:00:00,571
2020-03-06T00:00:00,594
2020-03-07T00:00:00,518
2020-03-08T00:00:00,544
2020-03-09T00:00:00,524
2020-03-10T00:00:00,575
2020-03-11T00:00:00,596
2020-03-12T00:00:00,506
2020-03-13T00:00:00,541
2020-03-14T00:00:00,532
2020-03-15T00:00:00,583
2020-03-16T00:00:00,529
2020-03-17T00:00:00,475
2020-03-18T00:00:00,460
2020-03-19T00:00:00,429
2020-03-20T00:00:00,495
2020-03-21T00:00:00,427
2020-03-22T23:45:00,417
2020-03-23T23:19:34,494
2020-03-24T23:37:31,486
2020-03-25T23:33:19,501
2020-03-26T23:48:35,488
2020-03-27T22:14:55,529
2020-03-28T23:05:00,447
2020-03-29T23:08:00,421
2020-03-30T22:52:00,496
2020-03-31T23:43:56,474
2020-04-01T21:58:49,679
2020-04-02T00:00:00,477
2020-04-03T22:46:37,506
2020-04-04T23:34:00,474
2020-04-05T23:06:45,471
2020-04-06T23:22:00,499
2020-04-07T23:04:49,481
2020-04-08T22:51:58,438
2020-04-09T23:02:37,415
2020-04-10T22:54:07,545
2020-04-11T22:45:33,530
2020-04-12T23:18:00,466
2020-04-13T23:07:54,508
2020-04-14T23:33:31,512
2020-04-15T22:56:51,525
2020-04-16T23:30:51,542
2020-04-17T23:30:52,548
2020-04-18T22:32:47,520
2020-04-19T23:41:01,519
2020-04-20T23:36:47,577
2020-04-21T23:30:50,503
2020-04-22T23:30:53,520
2020-04-23T00:00:00,540
2020-04-24T03:30:50,557
2020-04-25T06:30:53,584
2020-04-26T02:30:51,541
2020-04-27T02:30:52,559
2020-04-28T02:30:51,595
2020-04-29T02:32:29,505
2020-04-30T02:32:27,542
2020-05-01T02:32:28,682
2020-05-02T02:32:27,522
2020-05-03T02:32:28,485
2020-05-04T02:32:28,566
2020-05-05T02:32:34,545
2020-05-06T02:32:31,548
2020-05-07T02:32:28,508
2020-05-08T02:32:32,538
2020-05-09T02:32:35,552
2020-05-10T02:32:30,535
2020-05-11T02:32:30,485
2020-05-12T03:32:27,506
2020-05-13T03:32:26,504
2020-05-14T03:32:28,517
2020-05-15T02:33:02,561
2020-05-16T02:32:19,568
2020-05-17T02:32:32,546
2020-05-18T02:32:21,542
2020-05-19T02:32:18,475
2020-05-20T02:32:19,571
2020-05-21T02:32:48,522
2020-05-22T02:36:51,567
2020-05-23T02:32:42,568
2020-05-24T02:32:43,519
2020-05-25T02:32:44,531
2020-05-26T02:32:35,509
2020-05-27T02:32:31,536
2020-05-28T02:32:31,530
2020-05-29T02:32:50,710
2020-05-30T02:32:48,912
2020-05-31T02:32:45,540
2020-06-01T02:32:46,854
2020-06-02T02:33:08,485
2020-06-03T02:33:13,491
2020-06-04T02:33:14,465
2020-06-05T02:33:06,552
2020-06-06T02:33:00,494
2020-06-07T03:53:30,482
2020-06-08T03:33:22,514
2020-06-09T03:33:03,507
2020-06-10T04:07:00,542
2020-06-11T03:33:41,568
2020-06-12T05:09:52,624
2020-06-13T03:33:14,550
2020-06-14T03:33:15,547
2020-06-15T03:33:14,621
2020-06-16T04:33:09,593
2020-06-17T04:33:21,546
2020-06-18T04:33:18,585
2020-06-19T04:33:17,589
2020-06-20T04:33:19,611
2020-06-21T04:33:19,592
2020-06-22T04:33:20,581
2020-06-23T04:33:22,544
2020-06-24T04:33:28,575
2020-06-25T05:26:54,643
2020-06-26T04:33:43,653
2020-06-27T04:33:35,542
2020-06-28T04:34:04,534
2020-06-29T04:33:44,595
2020-06-30T04:33:48,552
2020-07-01T04:33:52,697
2020-07-02T04:33:46,552
2020-07-03T04:33:54,651
2020-07-04T04:33:51,662
2020-07-05T04:33:46,564
2020-07-06T04:33:57,508
2020-07-07T04:34:00,540
2020-07-08T05:33:48,498
2020-07-09T04:34:23,477
2020-07-10T04:34:24,551
2020-07-11T04:34:26,552
2020-07-12T04:34:30,533
2020-07-13T04:43:04,602
2020-07-14T04:34:46,486
2020-07-15T04:34:39,559
2020-07-16T04:44:59,584
2020-07-17T04:34:50,569
2020-07-18T04:34:45,521
2020-07-19T04:34:58,554
2020-07-20T05:34:40,596
2020-07-21T04:38:46,558
2020-07-22T04:34:42,533
2020-07-23T05:15:04,508
2020-07-24T05:30:40,513
2020-07-25T04:47:39,526
2020-07-26T04:35:00,511
2020-07-27T04:35:02,549
2020-07-28T04:58:43,531
2020-07-29T04:35:11,533
2020-07-30T04:35:05,528
2020-07-31T04:35:18,569
2020-08-01T04:36:27,709
2020-08-02T04:34:47,526
2020-08-03T04:34:35,523
2020-08-04T04:41:59,534
2020-08-05T04:34:43,509
2020-08-06T04:35:02,547
2020-08-07T04:35:11,568
2020-08-08T04:34:53,544
2020-08-09T04:34:54,535
2020-08-10T04:34:55,480
2020-08-11T04:35:08,495
2020-08-12T04:27:29,481
2020-08-13T04:29:15,539
2020-08-14T04:51:19,581
2020-08-15T04:27:31,628
2020-08-16T04:27:42,510
2020-08-17T04:27:20,512
2020-08-18T04:27:56,512
2020-08-19T04:27:00,570
2020-08-20T04:27:43,541
2020-08-21T04:27:41,593
2020-08-22T04:27:49,583
2020-08-23T04:27:48,538
2020-08-24T04:27:56,525
2020-08-25T04:28:02,513
2020-08-26T04:28:11,519
2020-08-27T04:28:15,612
2020-08-28T04:28:11,605
2020-08-29T04:28:19,547
2020-08-30T04:28:22,486
2020-08-31T04:28:27,507
2020-09-01T04:28:31,656
2020-09-02T04:28:25,466
2020-09-03T04:28:22,504
2020-09-04T04:28:26,573
2020-09-05T04:28:19,545
2020-09-06T04:28:33,547
2020-09-07T04:28:30,508
2020-09-08T04:28:25,525
2020-09-09T04:28:48,508
2020-09-10T04:29:01,453
2020-09-11T04:46:23,545
2020-09-12T04:25:05,539
2020-09-13T04:30:52,489
2020-09-14T04:26:00,542
2020-09-15T03:22:50,555
2020-09-16T04:22:53,509
2020-09-17T04:22:00,498
2020-09-18T05:05:00,549
2020-09-19T04:22:00,502
2020-09-20T04:22:00,527
2020-09-21T04:23:00,478
2020-09-22T04:23:00,476
2020-09-23T04:23:00,532
2020-09-24T04:23:00,478
2020-09-25T04:23:00,511
2020-09-26T04:23:00,542
2020-09-27T04:23:00,548
2020-09-28T04:23:00,506
2020-09-29T04:23:42,448
2020-09-30T04:23:33,574
2020-10-01T04:23:42,728
2020-10-02T04:23:51,571
2020-10-03T04:23:40,542
2020-10-04T04:23:44,505
2020-10-05T04:23:33,526
2020-10-06T04:23:33,528
2020-10-07T04:23:40,496
2020-10-08T04:23:56,555
2020-10-09T04:23:59,582
2020-10-10T04:23:57,529
2020-10-11T04:23:46,495
2020-10-12T04:23:45,546
2020-10-13T04:24:02,509
2020-10-14T04:24:05,514
2020-10-15T04:24:28,561
2020-10-16T04:24:01,561
2020-10-17T04:24:12,531
2020-10-18T04:24:25,538
2020-10-19T04:24:16,508
2020-10-20T04:24:22,532
2020-10-21T04:24:14,487
2020-10-22T04:24:27,497
2020-10-23T04:24:46,571
2020-10-24T04:24:46,520
2020-10-25T04:24:36,492
2020-10-26T04:25:02,478
2020-10-27T04:24:45,527
2020-10-28T04:24:39,516
2020-10-29T04:24:49,466
2020-10-30T04:24:49,555
2020-10-31T04:24:44,523
2020-11-01T04:36:19,753
2020-11-02T05:25:04,551
2020-11-03T06:00:16,541
2020-11-04T05:25:09,518
2020-11-05T06:05:03,475
2020-11-06T05:24:55,504
2020-11-07T05:24:52,490
2020-11-08T05:24:56,493
2020-11-09T05:25:45,456
2020-11-10T05:40:07,446
2020-11-11T05:25:30,447
2020-11-12T05:25:55,488
2020-11-13T05:25:30,497
2020-11-14T05:25:37,544
2020-11-15T05:26:53,533
2020-11-16T05:25:57,520
2020-11-17T05:25:54,540
2020-11-18T05:40:31,523
2020-11-19T05:25:23,564
2020-11-20T05:26:28,585
2020-11-21T05:25:51,528
2020-11-22T05:25:45,481
2020-11-23T05:25:26,536
2020-11-24T05:27:31,489
2020-11-25T05:27:20,516
2020-11-26T05:27:44,487
2020-11-27T05:26:53,538
2020-11-28T05:25:50,520
2020-11-29T05:25:55,490
2020-11-30T05:26:13,513
2020-12-01T05:26:18,661
2020-12-02T05:27:41,547
2020-12-03T05:28:22,506
2020-12-04T05:27:27,513
2020-12-05T05:27:36,556
2020-12-06T05:26:18,500
2020-12-07T05:26:14,502
2020-12-08T05:27:42,491
2020-12-09T05:28:01,505
2020-12-10T05:26:19,493
2020-12-11T05:26:59,551
2020-12-12T05:26:19,487
2020-12-13T05:27:20,478
2020-12-14T05:26:27,522
2020-12-15T05:26:38,518
2020-12-16T05:28:04,473
2020-12-17T05:28:12,485
2020-12-18T05:28:18,525
2020-12-19T05:27:52,546
2020-12-20T05:27:32,540
2020-12-21T05:27:58,531
2020-12-22T05:22:33,560
2020-12-23T05:22:03,567
2020-12-24T05:23:04,504
2020-12-25T05:22:48,458
2020-12-26T05:22:28,460
2020-12-27T05:22:55,448
2020-12-28T05:22:06,470
2020-12-29T05:22:37,458
2020-12-30T05:22:34,512
2020-12-31T05:22:49,574
2021-01-01T05:23:07,920
2021-01-02T05:22:33,471
2021-01-03T05:22:52,465
2021-01-04T05:22:02,499
2021-01-05T05:21:49,510
2021-01-06T05:22:16,518
2021-01-07T05:22:03,498
2021-01-08T05:22:42,543
2021-01-09T05:22:18,497
2021-01-10T05:22:12,504
2021-01-11T05:21:50,524
2021-01-12T05:22:15,501
2021-01-13T05:22:15,526
2021-01-14T05:22:32,572
2021-01-15T05:22:24,627
2021-01-16T05:22:40,543
2021-01-17T05:22:17,525
2021-01-18T05:22:34,584
2021-01-19T05:22:15,528
2021-01-20T05:21:54,548
2021-01-21T05:22:01,549
2021-01-22T05:22:10,584
2021-01-23T05:22:03,489
2021-01-24T05:22:35,471
2021-01-25T05:22:16,508
2021-01-26T05:22:02,462
2021-01-27T05:23:41,483
2021-01-28T05:22:24,503
2021-01-29T05:22:23,521
2021-01-30T05:22:49,557
2021-01-31T05:22:42,512
2021-02-01T05:22:53,672
2021-02-02T05:22:49,548
2021-02-03T05:22:52,578
2021-02-04T05:22:26,492
2021-02-05T05:22:38,573
2021-02-06T05:23:55,557
2021-02-07T05:23:00,538
2021-02-08T05:22:39,534
2021-02-09T05:23:30,489
2021-02-10T05:22:41,491
2021-02-11T05:23:55,515
2021-02-12T05:23:29,541
2021-02-13T05:22:12,585
2021-02-14T05:23:43,541
2021-02-15T05:24:49,548
2021-02-16T05:24:38,572
2021-02-17T05:23:10,533
2021-02-18T05:22:58,541
2021-02-19T05:24:16,542
2021-02-20T05:22:51,571
2021-02-21T05:24:33,556
2021-02-22T05:24:21,541
2021-02-23T05:23:41,541
2021-02-24T05:29:16,531
2021-02-25T05:24:57,541
2021-02-26T05:22:40,620
2021-02-27T05:22:28,577
2021-02-28T05:22:20,539
2021-03-01T05:23:01,715
2021-03-02T05:23:30,517
2021-03-03T05:23:28,489
2021-03-04T05:24:24,510
2021-03-05T05:26:29,532
2021-03-06T04:23:41,577
2021-03-07T05:21:54,508
2021-03-08T05:24:48,476
2021-03-09T05:28:19,493
2021-03-10T05:24:35,535
2021-03-11T05:25:48,470
2021-03-12T05:26:50,537
2021-03-13T05:25:15,567
2021-03-14T05:25:37,445
2021-03-15T05:25:51,495
2021-03-16T05:25:13,510
2021-03-17T05:25:07,499
2021-03-18T05:26:22,546
2021-03-19T05:26:09,557
2021-03-20T05:25:46,549
2021-03-21T05:25:44,558
2021-03-22T05:25:43,495
2021-03-23T05:26:18,511
2021-03-24T05:25:40,557
2021-03-25T05:27:00,502
2021-03-26T05:26:55,567
2021-03-27T05:25:04,514
2021-03-28T05:28:10,515
2021-03-29T04:28:35,569
2021-03-30T04:26:23,496
2021-03-31T04:26:25,504
2021-04-01T04:27:05,678
2021-04-02T04:20:36,556
2021-04-03T04:20:44,533
2021-04-04T04:20:49,528
2021-04-05T04:20:35,539
2021-04-06T04:20:32,495
2021-04-07T04:20:53,488
2021-04-08T04:21:13,519
2021-04-09T04:21:13,521
2021-04-10T04:20:59,571
2021-04-11T04:20:56,491
2021-04-12T04:21:00,552
2021-04-13T04:20:37,532
2021-04-14T04:20:41,476
2021-04-15T04:20:54,549
2021-04-16T04:20:46,528
2021-04-17T04:20:40,572
2021-04-18T04:20:41,547
2021-04-19T04:20:57,581
2021-04-20T04:20:41,490
2021-04-21T04:21:14,490
2021-04-22T04:20:53,521
2021-04-23T04:20:52,520
2021-04-24T04:20:38,522
2021-04-25T04:20:32,542
2021-04-26T04:21:04,582
2021-04-27T04:20:52,474
2021-04-28T04:20:32,515
2021-04-29T04:20:55,572
2021-04-30T04:21:03,571
2021-05-01T04:20:47,674
2021-05-02T04:20:48,528
2021-05-03T04:20:39,579
2021-05-04T04:20:34,530
2021-05-05T04:20:43,569
2021-05-06T04:20:38,538
2021-05-07T04:20:40,540
2021-05-08T04:21:04,578
2021-05-09T04:20:35,531
2021-05-10T04:20:38,585
2021-05-11T04:20:41,509
2021-05-12T04:21:29,528
2021-05-13T04:20:51,559
2021-05-14T04:20:41,544
2021-05-15T04:20:58,594
2021-05-16T04:20:49,510
2021-05-17T04:20:34,567
2021-05-18T04:20:33,519
2021-05-19T04:20:42,509
2021-05-20T04:21:05,570
2021-05-21T04:20:43,541
2021-05-22T04:20:45,474
2021-05-23T04:20:51,513
2021-05-24T04:20:53,590
2021-05-25T04:21:08,550
2021-05-26T04:20:35,506
2021-05-27T04:20:59,555
2021-05-28T04:20:36,588
2021-05-29T04:20:41,535
2021-05-30T04:20:55,547
2021-05-31T03:08:59,528
2021-06-01T04:23:09,736
2021-06-02T04:24:34,509
2021-06-03T04:23:32,536
2021-06-04T04:23:37,530
2021-06-05T04:23:03,551
2021-06-06T04:24:03,593
2021-06-07T04:22:51,555
2021-06-08T04:22:35,527
2021-06-09T04:23:31,518
2021-06-10T04:23:17,582
2021-06-11T04:23:20,619
2021-06-12T04:22:22,587
2021-06-13T04:22:44,516
2021-06-14T04:22:46,528
2021-06-15T04:22:22,587
2021-06-16T04:22:32,558
2021-06-17T04:22:36,574
2021-06-18T04:22:16,688
2021-06-19T04:22:33,558
2021-06-20T04:21:48,628
2021-06-21T04:21:41,640
2021-06-22T04:21:34,555
2021-06-23T04:21:46,513
2021-06-24T04:21:55,538
2021-06-25T04:21:33,587
2021-06-26T04:21:43,582
2021-06-27T04:21:39,592
2021-06-28T04:21:29,574
2021-06-29T04:21:28,501
2021-06-30T04:21:41,587
2021-07-01T04:21:19,745
2021-07-02T04:21:47,657
2021-07-03T04:21:37,639
2021-07-04T04:21:38,701
2021-07-05T04:21:28,664
2021-07-06T04:21:32,549
2021-07-07T04:21:20,614
2021-07-08T04:21:26,580
2021-07-09T04:21:21,585
2021-07-10T04:21:25,634
2021-07-11T04:21:43,567
2021-07-12T04:21:34,570
2021-07-13T04:21:18,608
2021-07-14T04:21:35,600
2021-07-15T04:21:48,626
2021-07-16T04:21:22,592
2021-07-17T04:22:22,601
2021-07-18T04:22:07,574
2021-07-19T04:21:24,553
2021-07-20T04:21:48,561
2021-07-21T04:21:40,597
2021-07-22T04:21:19,642
2021-07-23T04:21:29,637
2021-07-24T00:21:36,588
2021-07-25T04:22:12,563
2021-07-26T04:21:28,604
2021-07-27T04:21:18,557
2021-07-28T04:21:39,564
2021-07-29T04:21:33,522
2021-07-30T04:21:34,577
2021-07-31T04:21:35,586
2021-08-01T04:21:50,736
2021-08-02T04:21:36,626
2021-08-03T04:21:39,551
2021-08-04T04:21:25,601
2021-08-05T04:21:51,580
2021-08-06T04:21:18,584
2021-08-07T04:21:30,575
2021-08-08T04:21:33,615
2021-08-09T04:21:24,557
2021-08-10T04:21:27,551
2021-08-11T04:21:58,515
2021-08-12T04:21:25,583
2021-08-13T04:21:24,576
2021-08-14T04:21:25,594
2021-08-15T04:21:41,591
2021-08-16T04:21:31,647
2021-08-17T04:21:49,536
2021-08-18T04:21:35,546
2021-08-19T04:21:15,517
2021-08-20T04:21:33,635
2021-08-21T04:21:38,657
2021-08-22T04:21:29,605
2021-08-23T04:21:27,614
2021-08-24T04:21:19,542
2021-08-25T04:21:41,590
2021-08-26T04:21:28,574
2021-08-27T04:21:37,662
2021-08-28T04:21:28,653
2021-08-29T04:21:14,583
2021-08-30T04:21:23,598
2021-08-31T04:21:46,575
2021-09-01T04:21:38,736
2021-09-02T04:21:15,597
2021-09-03T04:21:20,637
2021-09-04T04:21:28,554
2021-09-05T04:21:33,636
2021-09-06T04:21:22,622
2021-09-07T04:21:35,551
2021-09-08T04:21:31,596
2021-09-09T04:21:27,588
2021-09-10T04:21:20,626
2021-09-11T04:21:30,613
2021-09-12T04:21:13,652
2021-09-13T04:21:15,595
2021-09-14T04:21:41,581
2021-09-15T03:22:37,618
2021-09-16T04:22:19,546
2021-09-17T04:21:46,609
2021-09-18T04:21:24,574
2021-09-19T04:21:34,587
2021-09-20T04:21:22,618
2021-09-21T04:21:26,582
2021-09-22T04:21:45,610
2021-09-23T04:21:43,624
2021-09-24T04:21:44,742
2021-09-25T04:21:31,633
2021-09-26T04:21:29,600
2021-09-27T04:21:16,583
2021-09-28T04:21:28,647
2021-09-29T04:21:45,619
2021-09-30T04:21:20,578
2021-10-01T04:21:35,851
2021-10-02T04:21:25,686
2021-10-03T04:21:24,646
2021-10-04T04:21:31,606
2021-10-05T04:21:27,612
2021-10-06T04:21:33,583
2021-10-07T04:21:36,632
2021-10-08T04:21:25,650
2021-10-09T04:21:34,664
2021-10-10T04:21:38,601
2021-10-11T04:21:31,543
2021-10-12T04:21:09,603
2021-10-13T04:20:51,542
2021-10-14T04:21:29,594
2021-10-15T04:21:26,710
2021-10-16T04:21:15,612
2021-10-17T04:21:29,574
2021-10-18T04:21:10,618
2021-10-19T04:20:54,550
2021-10-20T04:21:00,569
2021-10-21T04:21:18,610
2021-10-22T04:21:14,664
2021-10-23T04:21:32,588
2021-10-24T04:21:22,578
2021-10-25T04:22:31,538
2021-10-26T04:22:09,571
2021-10-27T04:22:32,659
2021-10-28T04:22:08,614
2021-10-29T04:22:03,658
2021-10-30T04:22:03,683
2021-10-31T04:22:08,685
2021-11-01T04:22:01,837
2021-11-02T04:22:03,626
2021-11-03T06:22:09,670
2021-11-04T04:22:20,592
2021-11-05T04:21:54,736
2021-11-06T04:21:51,652
2021-11-07T04:21:53,584
2021-11-08T04:21:43,612
2021-11-09T04:21:36,605
2021-11-10T04:21:38,616
2021-11-11T04:21:45,592
2021-11-12T04:22:01,670
2021-11-13T04:21:38,586
2021-11-14T04:21:31,601
2021-11-15T04:21:36,642
2021-11-16T04:21:10,557
2021-11-17T04:21:48,565
2021-11-18T04:21:33,570
2021-11-19T04:21:40,632
2021-11-20T04:22:17,605
2021-11-21T04:22:13,526
2021-11-22T04:22:20,636
2021-11-23T04:22:39,570
2021-11-24T04:22:14,633
2021-11-25T04:22:33,517
2021-11-26T04:22:33,547
2021-11-27T04:22:45,514
2021-11-28T04:22:43,607
2021-11-29T04:22:30,617
2021-11-30T04:22:53,612
2021-12-01T04:22:29,867
2021-12-02T04:22:37,659
2021-12-03T04:23:05,679
2021-12-04T04:22:18,642
2021-12-05T04:22:25,591
2021-12-06T04:22:34,604
2021-12-07T04:22:34,557
2021-12-08T04:22:46,612
2021-12-09T04:22:49,546
2021-12-10T04:22:28,627
2021-12-11T04:22:45,616
2021-12-12T04:22:12,550
2021-12-13T04:22:02,542
2021-12-14T04:22:38,477
2021-12-15T03:22:16,567
2021-12-16T04:22:11,545
2021-12-17T04:22:14,621
2021-12-18T02:22:20,616
2021-12-19T04:21:11,559
2021-12-20T04:21:43,565
2021-12-21T03:21:27,557
2021-12-22T04:21:54,609
2021-12-23T04:21:21,580
2021-12-24T04:21:34,528
2021-12-25T04:21:37,498
2021-12-26T04:21:50,493
2021-12-27T04:21:58,502
2021-12-28T04:21:47,528
2021-12-29T03:21:43,535
2021-12-30T04:21:25,478
2021-12-31T04:21:50,571
2022-01-01T04:22:14,949
2022-01-02T04:20:52,611
2022-01-03T02:22:25,658
2022-01-04T04:22:17,565
2022-01-05T04:21:59,591
2022-01-06T04:22:09,560
2022-01-07T04:22:09,626
2022-01-08T04:21:53,501
2022-01-09T04:21:46,502
2022-01-10T04:22:07,586
2022-01-11T04:22:01,494
2022-01-12T04:21:44,584
2022-01-13T08:00:09,544
2022-01-14T04:21:54,601
2022-01-15T04:21:07,691
2022-01-16T04:21:12,557
2022-01-17T04:21:08,566
2022-01-18T04:21:04,536
2022-01-19T04:21:23,611
2022-01-20T04:21:07,619
2022-01-21T04:21:09,636
2022-01-22T04:21:13,613
2022-01-23T04:21:13,635
2022-01-24T04:21:12,556
2022-01-25T04:21:05,528
2022-01-26T04:21:07,566
2022-01-27T04:21:19,522
2022-01-28T04:21:09,658
2022-01-29T04:21:10,611
2022-01-30T04:21:26,586
2022-01-31T04:21:09,577
2022-02-01T04:21:11,958
2022-02-02T04:21:09,814
2022-02-03T04:21:21,728
2022-02-04T04:21:10,618
2022-02-05T04:21:05,644
2022-02-06T04:21:00,599
2022-02-07T04:21:05,618
2022-02-08T04:21:15,564
2022-02-09T04:21:04,596
2022-02-10T04:21:14,618
2022-02-11T04:21:09,655
2022-02-12T04:21:06,644
2022-02-13T04:21:00,704
2022-02-14T04:20:51,625
2022-02-15T04:21:09,577
2022-02-16T04:21:10,588
2022-02-17T04:20:56,584
2022-02-18T04:21:04,697
2022-02-19T04:21:11,581
2022-02-20T04:21:00,606
2022-02-21T04:21:05,561
2022-02-22T04:21:01,587
2022-02-23T04:21:09,557
2022-02-24T04:21:14,509
2022-02-25T04:21:11,624
2022-02-26T04:21:12,581
2022-02-27T04:21:04,637
2022-02-28T04:21:05,622
2022-03-01T04:21:09,955
2022-03-02T04:21:07,810
2022-03-03T04:21:01,743
2022-03-04T04:21:09,651
2022-03-05T04:21:10,620
2022-03-06T04:20:49,574
2022-03-07T04:20:47,605
2022-03-08T04:20:54,618
2022-03-09T04:20:59,559
2022-03-10T04:20:48,613
2022-03-11T04:20:50,682
2022-03-12T04:20:50,622
2022-03-13T04:20:49,546
2022-03-14T04:20:46,564
2022-03-15T04:20:47,629
2022-03-16T04:20:50,632
2022-03-17T04:20:56,606
2022-03-18T04:20:55,686
2022-03-19T04:20:47,625
2022-03-20T04:20:45,654
2022-03-21T04:20:50,658
2022-03-22T04:20:54,608
2022-03-23T04:20:48,649
2022-03-24T04:20:43,611
2022-03-25T04:20:46,680
2022-03-26T04:20:23,629
2022-03-27T04:20:47,553
2022-03-28T04:20:33,561
2022-03-29T04:20:46,551
2022-03-30T04:20:45,617
2022-03-31T04:20:56,571
2022-04-01T04:20:28,1020
2022-04-02T04:20:47,874
2022-04-03T04:20:48,825
2022-04-04T04:20:51,697
2022-04-05T04:20:48,634
2022-04-06T04:20:49,638
2022-04-07T04:20:53,682
2022-04-08T04:20:48,763
2022-04-09T04:20:42,633
2022-04-10T04:20:52,710
2022-04-11T04:21:02,609
2022-04-12T04:20:49,553
2022-04-13T04:21:03,600
2022-04-13T23:21:06,600
2022-04-14T00:00:00,622
2022-04-15T04:20:57,658
2022-04-16T04:20:48,638
2022-04-17T04:20:59,582
2022-04-18T04:21:12,624
2022-04-19T04:21:00,543
2022-04-20T04:20:45,571
2022-04-21T04:20:46,612
2022-04-22T04:20:45,632
2022-04-23T04:20:50,641
2022-04-24T04:20:56,662
2022-04-25T04:20:56,651
2022-04-26T04:20:51,629
2022-04-27T04:20:52,644
2022-04-28T04:20:47,592
2022-04-29T04:20:59,620
2022-04-30T04:21:05,621
2022-05-01T04:20:57,989
2022-05-02T04:21:10,966
2022-05-03T04:21:00,836
2022-05-04T04:20:59,678
2022-05-05T04:20:55,668
2022-05-06T04:21:00,703
2022-05-07T04:21:09,659
2022-05-08T04:20:49,605
2022-05-09T04:20:54,614
2022-05-10T04:20:50,622
2022-05-11T04:20:48,585
2022-05-12T04:20:54,629
2022-05-13T04:20:51,682
2022-05-14T04:20:48,649
2022-05-15T04:20:53,639
2022-05-16T04:20:47,621
2022-05-17T04:20:59,608
2022-05-18T04:20:50,650
2022-05-19T04:20:54,605
2022-05-20T04:20:57,649
2022-05-21T04:20:58,612
2022-05-22T04:20:52,560
2022-05-23T00:00:00,593
2022-05-24T04:20:57,589
2022-05-25T04:20:56,623
2022-05-26T04:20:50,601
2022-05-27T04:20:56,671
2022-05-28T04:21:07,684
2022-05-29T04:20:53,651
2022-05-30T04:20:50,580
2022-05-31T04:20:51,583
2022-06-01T04:20:55,1029
2022-06-02T05:20:39,947
2022-06-03T04:20:58,944
2022-06-04T04:20:58,698
2022-06-05T04:20:55,671
2022-06-06T04:20:57,645
2022-06-07T04:21:08,671
2022-06-08T04:20:55,679
2022-06-09T04:20:54,628
2022-06-10T04:20:55,751
2022-06-11T04:21:01,701
2022-06-12T04:20:53,650
2022-06-13T04:21:14,609
2022-06-14T04:20:52,598
2022-06-15T04:20:54,662
2022-06-16T04:20:55,600
2022-06-17T04:20:56,635
2022-06-18T04:21:10,615
2022-06-19T04:20:51,594
2022-06-20T04:21:01,655
2022-06-21T04:20:56,664
2022-06-22T04:20:54,624
2022-06-23T04:20:55,590
2022-06-24T04:20:58,632
2022-06-25T04:20:57,649
2022-06-26T04:21:02,632
2022-06-27T04:21:00,590
2022-06-28T04:20:58,613
2022-06-29T04:20:59,627
2022-06-30T04:21:01,590
2022-07-01T04:21:10,1006
2022-07-02T04:21:16,879
2022-07-03T04:20:59,790
2022-07-04T04:20:54,664
2022-07-05T04:20:45,650
2022-07-06T04:20:58,589
2022-07-07T04:20:55,567
2022-07-08T04:20:56,726
2022-07-09T04:20:59,607
2022-07-10T04:20:54,639
2022-07-11T04:20:46,550
2022-07-12T04:20:51,564
2022-07-13T04:20:58,636
2022-07-14T04:20:57,672
2022-07-15T04:20:53,658
2022-07-16T04:21:05,655
2022-07-17T04:21:15,561
2022-07-18T04:20:59,600
2022-07-19T04:20:58,588
2022-07-20T04:20:59,614
2022-07-21T04:21:10,625
2022-07-22T04:21:15,664
2022-07-23T04:20:53,632
2022-07-24T04:20:47,543
2022-07-25T04:20:51,580
2022-07-26T04:20:58,561
2022-07-27T04:21:04,622
2022-07-28T04:20:56,585
2022-07-29T04:20:45,643
2022-07-30T04:20:42,626
2022-07-31T04:21:02,641
2022-08-01T04:21:03,989
2022-08-02T04:20:53,877
2022-08-03T04:20:59,842
2022-08-04T04:20:58,632
2022-08-05T04:20:52,650
2022-08-06T04:20:56,620
2022-08-07T04:20:54,620
2022-08-08T04:21:08,623
2022-08-09T04:20:34,599
2022-08-10T04:20:57,613
2022-08-11T04:20:49,622
2022-08-12T04:20:54,630
2022-08-13T04:20:52,622
2022-08-14T04:20:55,607
2022-08-15T04:20:59,638
2022-08-16T04:20:58,571
2022-08-17T04:20:59,581
2022-08-18T04:21:11,612
2022-08-19T04:20:54,659
2022-08-20T04:21:01,686
2022-08-21T04:20:44,606
2022-08-22T04:20:38,615
2022-08-23T04:20:56,604
2022-08-24T04:20:46,649
2022-08-25T04:21:13,599
2022-08-26T04:21:02,696
2022-08-27T04:20:57,637
2022-08-28T04:21:02,582
2022-08-29T04:21:06,599
2022-08-30T04:21:03,603
2022-08-31T04:20:57,590
2022-09-01T04:21:03,1017
2022-09-02T04:21:07,928
2022-09-03T04:21:04,856
2022-09-04T04:21:22,570
2022-09-05T04:21:01,633
2022-09-06T04:21:02,633
2022-09-07T04:20:59,611
2022-09-08T04:21:02,609
2022-09-09T04:21:11,653
2022-09-10T04:21:10,689
2022-09-11T04:20:50,621
2022-09-12T04:20:58,622
2022-09-13T04:20:57,533
2022-09-14T04:20:44,622
2022-09-15T04:21:02,653
2022-09-16T04:21:19,630
2022-09-17T04:20:19,611
2022-09-18T04:22:50,609
2022-09-19T04:21:49,640
2022-09-20T04:22:48,554
2022-09-21T04:23:22,566
2022-09-22T04:22:56,638
2022-09-23T04:23:13,649
2022-09-24T04:21:40,591
2022-09-25T04:23:31,609
2022-09-26T04:20:52,568
2022-09-27T04:23:01,584
2022-09-28T04:23:01,593
2022-09-29T04:22:34,560
2022-09-30T04:23:09,616
2022-10-01T04:23:01,1062
2022-10-02T04:21:23,909
2022-10-03T04:23:11,835
2022-10-04T04:22:55,676
2022-10-05T04:23:06,655
2022-10-06T04:21:22,594
2022-10-07T04:23:08,722
2022-10-08T04:22:56,744
2022-10-09T04:21:16,615
2022-10-10T04:22:32,580
2022-10-11T04:23:05,614
2022-10-12T04:22:51,571
2022-10-13T04:22:39,596
2022-10-14T04:22:28,681
2022-10-15T04:22:00,601
2022-10-16T04:22:39,585
2022-10-17T04:20:31,616
2022-10-18T04:22:42,569
2022-10-19T04:22:26,617
2022-10-20T04:22:59,660
2022-10-21T04:22:23,706
2022-10-22T04:22:53,648
2022-10-23T04:22:46,555
2022-10-24T04:22:29,569
2022-10-25T04:21:53,602
2022-10-26T04:22:19,587
2022-10-27T04:22:01,562
2022-10-28T04:22:31,666
2022-10-29T04:21:13,626
2022-10-30T04:22:14,585
2022-10-31T04:21:36,644
2022-11-01T04:22:36,992
2022-11-02T04:22:09,871
2022-11-03T04:22:05,844
2022-11-04T04:22:11,658
2022-11-05T04:21:52,643
2022-11-06T04:21:24,650
2022-11-07T04:21:26,580
2022-11-08T04:21:21,530
2022-11-09T04:21:22,609
2022-11-10T04:21:16,610
2022-11-11T04:21:22,588
2022-11-12T04:20:41,664
2022-11-13T04:21:14,561
2022-11-14T04:21:09,556
2022-11-15T04:21:16,594
2022-11-16T04:21:09,593
2022-11-17T04:21:11,622
2022-11-18T04:21:15,643
2022-11-19T04:21:14,572
2022-11-20T04:21:08,562
2022-11-21T04:21:05,560
2022-11-22T04:20:47,570
2022-11-23T04:21:06,644
2022-11-24T04:21:09,551
2022-11-25T04:21:06,608
2022-11-26T04:21:11,567
2022-11-27T04:21:05,515
2022-11-28T04:21:02,578
2022-11-29T04:21:05,582
2022-11-30T04:21:07,549
2022-12-01T04:21:03,1035
2022-12-02T04:21:07,1130
2022-12-03T04:21:02,916
2022-12-04T04:20:56,555
2022-12-05T04:20:58,647
2022-12-06T04:21:03,612
2022-12-07T04:20:58,617
2022-12-08T04:21:07,619
2022-12-09T04:21:05,653
2022-12-10T04:21:02,681
2022-12-11T04:20:50,594
2022-12-12T04:21:01,624
2022-12-13T04:21:01,584
2022-12-14T04:21:04,588
2022-12-15T04:20:58,630
2022-12-16T04:21:01,672
2022-12-17T04:21:04,593
2022-12-18T04:21:03,549
2022-12-19T04:21:03,572
2022-12-20T04:21:04,586
2022-12-21T04:21:03,585
2022-12-22T04:20:56,619
2022-12-23T04:21:04,714
2022-12-24T04:21:02,592
2022-12-25T04:21:04,497
2022-12-26T04:21:06,515
2022-12-27T04:21:07,483
2022-12-28T04:21:04,621
2022-12-29T04:21:01,571
2022-12-30T04:21:04,677
2022-12-31T04:20:54,567
2023-01-01T04:21:00,1051
2023-01-02T04:20:57,815
2023-01-03T04:21:07,819
2023-01-04T04:21:04,661
2023-01-05T04:21:04,550
2023-01-06T04:21:02,586
2023-01-07T04:21:00,612
2023-01-08T04:21:05,571
2023-01-09T04:20:52,554
2023-01-10T04:20:56,618
2023-01-11T04:21:01,588
2023-01-12T04:20:59,593
2023-01-13T04:20:58,656
2023-01-14T04:20:58,603
2023-01-15T04:20:53,662
2023-01-16T04:21:05,604
2023-01-17T04:21:07,562
2023-01-18T04:21:05,610
2023-01-19T04:20:58,566
2023-01-20T04:20:55,628
2023-01-21T04:20:55,595
2023-01-22T04:20:59,555
2023-01-23T04:21:05,647
2023-01-24T04:21:01,596
2023-01-25T04:20:57,587
2023-01-26T04:20:59,607
2023-01-27T04:20:58,679
2023-01-28T04:21:00,629
2023-01-29T04:21:02,574
2023-01-30T04:20:59,610
2023-01-31T04:20:32,595
2023-02-01T04:20:54,1057
2023-02-02T04:20:54,1033
2023-02-03T04:20:52,994
2023-02-04T04:21:01,651
2023-02-05T04:20:56,664
2023-02-06T04:21:01,611
2023-02-07T04:21:05,608
2023-02-08T04:20:59,634
2023-02-09T04:20:49,684
2023-02-10T04:20:54,686
2023-02-10T20:20:57,686
2023-02-11T20:21:02,633
2023-02-12T00:00:00,605
2023-02-13T04:20:44,579
2023-02-14T04:20:59,656
2023-02-15T04:20:55,624
2023-02-16T04:20:56,581
2023-02-17T04:20:55,661
2023-02-18T04:20:58,618
2023-02-19T04:21:04,582
2023-02-20T04:21:05,607
2023-02-21T04:21:02,576
2023-02-22T04:21:00,566
2023-02-23T04:21:02,560
2023-02-24T04:20:54,559
2023-02-25T04:21:00,534
2023-02-26T04:20:54,579
2023-02-27T04:20:54,561
2023-02-28T04:20:40,586
2023-03-01T04:21:02,818
2023-03-02T04:21:02,700
2023-03-03T04:20:59,777
2023-03-04T04:20:56,638
2023-03-05T04:21:01,524
2023-03-06T04:20:56,645
2023-03-07T04:20:58,573
2023-03-08T04:20:52,583
2023-03-09T04:20:56,619
2023-03-10T04:21:03,647
2023-03-11T00:00:00,573
2023-03-12T00:00:00,571
2023-03-13T00:00:00,627
2023-03-14T00:00:00,576
2023-03-15T00:00:00,615
2023-03-16T00:00:00,560
2023-03-17T00:00:00,581
2023-03-18T00:00:00,626
2023-03-19T00:00:00,550
2023-03-20T00:00:00,649
2023-03-21T00:00:00,534
2023-03-22T00:00:00,572
2023-03-23T00:00:00,573
2023-03-24T00:00:00,653
2023-03-25T00:00:00,609
2023-03-26T00:00:00,601
2023-03-27T00:00:00,561
2023-03-28T00:00:00,588
2023-03-29T00:00:00,605
2023-03-30T00:00:00,610
2023-03-31T00:00:00,631
2023-04-01T00:00:00,771
2023-04-02T00:00:00,690
2023-04-03T00:00:00,646
2023-04-04T00:00:00,601
2023-04-05T00:00:00,625
2023-04-06T00:00:00,574
2023-04-07T00:00:00,640
2023-04-08T00:00:00,657
2023-04-09T00:00:00,564
2023-04-10T00:00:00,642
2023-04-11T00:00:00,553
2023-04-12T00:00:00,620
2023-04-13T00:00:00,607
2023-04-14T00:00:00,688
2023-04-15T00:00:00,632
2023-04-16T00:00:00,567
2023-04-17T00:00:00,601
2023-04-18T00:00:00,595
2023-04-19T00:00:00,638
2023-04-20T00:00:00,609
2023-04-21T00:00:00,679
2023-04-22T00:00:00,587
2023-04-23T00:00:00,581
2023-04-24T00:00:00,633
2023-04-25T00:00:00,594
2023-04-26T00:00:00,626
2023-04-27T00:00:00,623
2023-04-28T00:00:00,670
2023-04-29T00:00:00,596
2023-04-30T00:00:00,622
2023-05-01T00:00:00,802
2023-05-02T00:00:00,633
2023-05-03T00:00:00,600
2023-05-04T00:00:00,586
2023-05-05T00:00:00,681
2023-05-06T00:00:00,567
2023-05-07T00:00:00,558
2023-05-08T00:00:00,578
2023-05-09T00:00:00,516
2023-05-10T00:00:00,607
2023-05-11T00:00:00,539
2023-05-12T00:00:00,665
2023-05-13T00:00:00,609
2023-05-14T00:00:00,609
2023-05-15T00:00:00,610
2023-05-16T00:00:00,600
2023-05-17T00:00:00,609
2023-05-18T00:00:00,545
2023-05-19T00:00:00,638
2023-05-20T00:00:00,593
2023-05-21T00:00:00,564
2023-05-22T00:00:00,588
2023-05-23T00:00:00,622
2023-05-24T00:00:00,606
2023-05-25T00:00:00,614
2023-05-26T00:00:00,648
2023-05-27T00:00:00,613
2023-05-28T00:00:00,576
2023-05-29T00:00:00,539
2023-05-30T00:00:00,567
2023-05-31T00:00:00,610
2023-06-01T00:00:00,727
2023-06-02T00:00:00,685
2023-06-03T00:00:00,632
2023-06-04T00:00:00,543
2023-06-05T00:00:00,598
2023-06-06T00:00:00,617
2023-06-07T00:00:00,581
2023-06-08T00:00:00,604
2023-06-09T00:00:00,649
2023-06-10T00:00:00,634
2023-06-11T00:00:00,634
2023-06-12T00:00:00,594
2023-06-13T00:00:00,547
2023-06-14T00:00:00,581
2023-06-15T00:00:00,660
2023-06-16T00:00:00,605
2023-06-17T00:00:00,647
2023-06-18T00:00:00,563
2023-06-19T00:00:00,629
2023-06-20T00:00:00,554
2023-06-21T00:00:00,547
2023-06-22T00:00:00,661
2023-06-23T00:00:00,665
2023-06-24T00:00:00,612
2023-06-25T00:00:00,602
2023-06-26T00:00:00,629
2023-06-27T00:00:00,535
2023-06-28T00:00:00,622
2023-06-29T00:00:00,627
2023-06-30T00:00:00,661
2023-07-01T00:00:00,812
2023-07-02T00:00:00,645
2023-07-03T00:00:00,683
2023-07-04T00:00:00,674
2023-07-05T00:00:00,613
2023-07-06T00:00:00,589
2023-07-07T00:00:00,643
2023-07-08T00:00:00,644
2023-07-09T00:00:00,557
2023-07-10T00:00:00,639
2023-07-11T00:00:00,553
2023-07-12T00:00:00,684
2023-07-13T00:00:00,602
2023-07-14T00:00:00,706
2023-07-15T00:00:00,662
2023-07-16T00:00:00,624
2023-07-17T00:00:00,640
2023-07-18T00:00:00,546
2023-07-19T00:00:00,558
2023-07-20T00:00:00,647
2023-07-21T00:00:00,651
2023-07-22T00:00:00,598
2023-07-23T00:00:00,704
2023-07-24T00:00:00,630
2023-07-25T00:00:00,591
2023-07-26T00:00:00,590
2023-07-27T00:00:00,605
2023-07-28T00:00:00,664
2023-07-29T00:00:00,622
2023-07-30T00:00:00,615
2023-07-31T00:00:00,633
2023-08-01T00:00:00,721
2023-08-02T00:00:00,604
2023-08-03T00:00:00,609
2023-08-04T00:00:00,668
2023-08-05T00:00:00,738
2023-08-06T00:00:00,664
2023-08-07T00:00:00,628
2023-08-08T00:00:00,631
2023-08-09T00:00:00,602
2023-08-10T00:00:00,625
2023-08-11T00:00:00,642
2023-08-12T00:00:00,628
2023-08-13T00:00:00,622
2023-08-14T00:00:00,569
2023-08-15T00:00:00,632
2023-08-16T00:00:00,585
2023-08-17T00:00:00,647
2023-08-18T00:00:00,683
2023-08-19T00:00:00,668
2023-08-20T00:00:00,504
2023-08-21T00:00:00,624
2023-08-22T00:00:00,583
2023-08-23T00:00:00,596
2023-08-24T00:00:00,589
2023-08-25T00:00:00,694
2023-08-26T00:00:00,663
2023-08-27T00:00:00,670
2023-08-28T00:00:00,610
2023-08-29T00:00:00,582
2023-08-30T00:00:00,615
2023-08-31T00:00:00,707
2023-09-01T00:00:00,807
2023-09-02T00:00:00,714
2023-09-03T00:00:00,713
2023-09-04T00:00:00,593
2023-09-05T00:00:00,580
2023-09-06T00:00:00,568
2023-09-07T00:00:00,564
2023-09-08T00:00:00,650
2023-09-09T00:00:00,692
2023-09-10T00:00:00,584
2023-09-11T00:00:00,589
2023-09-12T00:00:00,606
2023-09-13T00:00:00,623
2023-09-14T00:00:00,618
2023-09-15T00:00:00,658
2023-09-16T00:00:00,615
2023-09-17T00:00:00,526
2023-09-18T00:00:00,560
2023-09-19T00:00:00,598
2023-09-20T00:00:00,595
2023-09-21T00:00:00,597
2023-09-22T00:00:00,619
2023-09-23T00:00:00,582
2023-09-24T00:00:00,597
2023-09-25T00:00:00,615
2023-09-26T00:00:00,566
2023-09-27T00:00:00,587
2023-09-28T00:00:00,594
2023-09-29T00:00:00,650
2023-09-30T00:00:00,611
2023-10-01T00:00:00,628
2023-10-02T00:00:00,594
2023-10-03T00:00:00,555
2023-10-04T00:00:00,530
2023-10-05T00:00:00,531
2023-10-06T00:00:00,591
2023-10-07T00:00:00,583
2023-10-08T00:00:00,601
2023-10-09T00:00:00,570
2023-10-10T00:00:00,566
2023-10-11T00:00:00,619
2023-10-12T00:00:00,613
2023-10-13T00:00:00,607
2023-10-14T00:00:00,606
2023-10-15T00:00:00,600
2023-10-16T00:00:00,593
2023-10-17T00:00:00,571
2023-10-18T00:00:00,529
2023-10-19T00:00:00,552
2023-10-20T00:00:00,584
2023-10-21T00:00:00,603
2023-10-22T00:00:00,510
2023-10-23T00:00:00,531
2023-10-24T00:00:00,493
2023-10-25T00:00:00,511
2023-10-26T00:00:00,454
2023-10-27T00:00:00,513
2023-10-28T00:00:00,439
2023-10-29T00:00:00,432
2023-10-30T00:00:00,147
